AAB.TO,2018-03-28,0.190000,0.190000,0.190000,0.190000,0.190000,54000
AAB.TO,2018-03-29,0.190000,0.190000,0.190000,0.190000,0.190000,21500
AAB.TO,2018-04-02,0.190000,0.190000,0.190000,0.190000,0.190000,102500
AAV.TO,2018-03-28,3.870000,3.870000,3.630000,3.730000,3.730000,2182000
AAV.TO,2018-03-29,3.740000,3.870000,3.730000,3.810000,3.810000,1327800
AAV.TO,2018-04-02,3.800000,3.820000,3.710000,3.760000,3.760000,930200
ABT.TO,2018-03-28,6.690000,6.730000,6.670000,6.690000,6.690000,32600
ABT.TO,2018-03-29,6.680000,6.710000,6.540000,6.640000,6.640000,30800
ABT.TO,2018-04-02,6.690000,6.730000,6.610000,6.680000,6.680000,46400
ABX.TO,2018-03-28,16.049999,16.129999,15.770000,15.980000,15.980000,2185000
ABX.TO,2018-03-29,15.990000,16.129999,15.870000,16.049999,16.049999,2651500
ABX.TO,2018-04-02,16.230000,16.590000,16.080000,16.330000,16.330000,2008900
AC.TO,2018-03-28,26.280001,26.350000,25.799999,25.930000,25.930000,962466
AC.TO,2018-03-29,25.910000,27.150000,25.900000,26.770000,26.770000,1403430
AC.TO,2018-04-02,26.770000,26.809999,25.930000,26.309999,26.309999,725747
ACB.TO,2018-03-28,9.500000,9.530000,8.940000,9.030000,9.030000,10536200
ACB.TO,2018-03-29,8.960000,9.450000,8.810000,9.300000,9.300000,9794800
ACB.TO,2018-04-02,9.300000,9.340000,8.640000,9.070000,9.070000,9733000
ACQ.TO,2018-03-28,22.090000,22.379999,21.799999,22.240000,22.240000,70000
ACQ.TO,2018-03-29,22.250000,22.620001,22.170000,22.240000,22.240000,41600
ACQ.TO,2018-04-02,22.230000,22.379999,22.000000,22.000000,22.000000,187300
AGI.TO,2018-03-28,6.530000,6.660000,6.520000,6.550000,6.550000,756800
AGI.TO,2018-03-29,6.570000,6.730000,6.540000,6.700000,6.700000,582700
AGI.TO,2018-04-02,6.770000,6.990000,6.710000,6.860000,6.860000,621700
AI.TO,2018-03-28,12.390000,12.480000,12.310000,12.450000,12.450000,81500
AI.TO,2018-03-29,12.470000,12.470000,12.290000,12.290000,12.290000,83600
AI.TO,2018-04-02,12.290000,12.360000,12.110000,12.160000,12.160000,31600
AIM.TO,2018-03-28,1.810000,1.810000,1.700000,1.710000,1.710000,580000
AIM.TO,2018-03-29,1.700000,1.760000,1.700000,1.730000,1.730000,496400
AIM.TO,2018-04-02,1.730000,1.760000,1.660000,1.680000,1.680000,518300
AJX.TO,2018-03-28,0.860000,0.900000,0.840000,0.890000,0.890000,59300
AJX.TO,2018-03-29,0.850000,0.880000,0.790000,0.790000,0.790000,26300
AJX.TO,2018-04-02,0.800000,0.910000,0.800000,0.870000,0.870000,56100
AQA.TO,2018-03-28,0.260000,0.260000,0.260000,0.260000,0.260000,194500
AQA.TO,2018-03-29,0.260000,0.260000,0.260000,0.260000,0.260000,101000
AQA.TO,2018-04-02,0.260000,0.260000,0.260000,0.260000,0.260000,6800
ASM.TO,2018-03-28,1.710000,1.740000,1.710000,1.740000,1.740000,12900
ASM.TO,2018-03-29,1.740000,1.780000,1.740000,1.780000,1.780000,2500
ASM.TO,2018-04-02,1.770000,1.850000,1.770000,1.810000,1.810000,27900
ASO.TO,2018-03-28,4.100000,4.100000,4.100000,4.100000,4.100000,500
ASO.TO,2018-03-29,4.050000,4.050000,3.950000,3.960000,3.960000,3500
ASO.TO,2018-04-02,3.930000,3.930000,3.870000,3.900000,3.900000,1400
ASP.TO,2018-03-28,0.270000,0.270000,0.260000,0.270000,0.270000,102500
ASP.TO,2018-03-29,0.270000,0.280000,0.270000,0.270000,0.270000,34400
ASP.TO,2018-04-02,0.280000,0.290000,0.270000,0.280000,0.280000,297000
ATA.TO,2018-03-28,17.320000,17.459999,17.219999,17.400000,17.400000,126800
ATA.TO,2018-03-29,17.410000,17.730000,17.309999,17.690001,17.690001,149400
ATA.TO,2018-04-02,17.700001,17.920000,17.540001,17.670000,17.670000,105200
ATH.TO,2018-03-28,1.130000,1.140000,1.100000,1.100000,1.100000,378200
ATH.TO,2018-03-29,1.130000,1.190000,1.130000,1.190000,1.190000,2309800
ATH.TO,2018-04-02,1.180000,1.190000,1.130000,1.130000,1.130000,1482500
ATL.TO,2018-03-28,0.040000,0.040000,0.040000,0.040000,0.040000,10900
ATL.TO,2018-03-29,0.040000,0.040000,0.040000,0.040000,0.040000,12000
ATL.TO,2018-04-02,0.040000,0.040000,0.030000,0.040000,0.040000,63600
BLX.TO,2018-03-28,22.209999,22.820000,22.200001,22.719999,22.719999,177500
BLX.TO,2018-03-29,22.709999,22.760000,22.330000,22.370001,22.370001,215300
BLX.TO,2018-04-02,22.440001,22.510000,22.049999,22.250000,22.250000,87000
BMO.TO,2018-03-28,95.889999,97.180000,95.889999,96.580002,96.580002,1300000
BMO.TO,2018-03-29,97.110001,97.489998,96.570000,97.320000,97.320000,1426100
BMO.TO,2018-04-02,97.290001,97.419998,95.970001,96.570000,96.570000,1105900
BOS.TO,2018-03-28,12.900000,13.050000,12.850000,12.880000,12.880000,122800
BOS.TO,2018-03-29,12.710000,12.890000,12.470000,12.760000,12.760000,6100
BOS.TO,2018-04-02,12.750000,12.870000,12.600000,12.870000,12.870000,12400
BSC.TO,2018-03-28,25.000000,25.000000,25.000000,25.000000,25.000000,0
BSC.TO,2018-03-29,25.000000,25.000000,25.000000,25.000000,25.000000,0
BSC.TO,2018-04-02,25.000000,25.000000,25.000000,25.000000,25.000000,0
BSX.TO,2018-03-28,0.340000,0.350000,0.330000,0.350000,0.350000,217700
BSX.TO,2018-03-29,0.360000,0.370000,0.320000,0.350000,0.350000,566500
BSX.TO,2018-04-02,0.330000,0.350000,0.330000,0.330000,0.330000,188800
BTO.TO,2018-03-28,3.510000,3.510000,3.440000,3.510000,3.510000,3147400
BTO.TO,2018-03-29,3.510000,3.560000,3.500000,3.530000,3.530000,1459500
BTO.TO,2018-04-02,3.570000,3.590000,3.530000,3.590000,3.590000,1899900
CAL.TO,2018-03-28,9.000000,9.000000,8.930000,8.940000,8.940000,1800
CAL.TO,2018-03-29,8.870000,8.870000,8.870000,8.870000,8.870000,200
CAL.TO,2018-04-02,9.000000,9.050000,9.000000,9.050000,9.050000,500
CAS.TO,2018-03-28,13.490000,13.510000,13.040000,13.160000,13.160000,310400
CAS.TO,2018-03-29,13.210000,13.400000,13.200000,13.330000,13.330000,193200
CAS.TO,2018-04-02,13.340000,13.640000,13.170000,13.300000,13.300000,194700
CBL.TO,2018-03-28,7.000000,7.000000,6.400000,6.770000,6.770000,30000
CBL.TO,2018-03-29,6.270000,6.660000,6.270000,6.590000,6.590000,61900
CBL.TO,2018-04-02,6.520000,6.800000,6.380000,6.440000,6.440000,27100
CGT.TO,2018-03-28,0.385000,0.385000,0.350000,0.350000,0.350000,67150
CGT.TO,2018-03-29,0.355000,0.385000,0.335000,0.345000,0.345000,191672
CGT.TO,2018-04-02,0.345000,0.350000,0.330000,0.350000,0.350000,90378
CGX.TO,2018-03-28,31.150000,31.580000,30.920000,31.230000,31.230000,173600
CGX.TO,2018-03-29,31.280001,31.469999,31.120001,31.350000,31.350000,140200
CGX.TO,2018-04-02,31.299999,31.840000,31.139999,31.520000,31.520000,144100
CHH.TO,2018-03-28,0.460000,0.460000,0.450000,0.460000,0.460000,107800
CHH.TO,2018-03-29,0.460000,0.460000,0.440000,0.460000,0.460000,221200
CHH.TO,2018-04-02,0.470000,0.470000,0.450000,0.450000,0.450000,76100
CHW.TO,2018-03-28,10.660000,10.830000,10.620000,10.800000,10.800000,30000
CHW.TO,2018-03-29,10.750000,10.850000,10.730000,10.820000,10.820000,36400
CHW.TO,2018-04-02,10.880000,10.880000,10.680000,10.830000,10.830000,7500
CIA.TO,2018-03-28,1.160000,1.190000,1.160000,1.160000,1.160000,254300
CIA.TO,2018-03-29,1.160000,1.170000,1.120000,1.170000,1.170000,112200
CIA.TO,2018-04-02,1.180000,1.180000,1.140000,1.140000,1.140000,137600
CIGI.TO,2018-03-28,87.040001,88.250000,86.279999,87.959999,87.959999,34800
CIGI.TO,2018-03-29,88.000000,89.820000,88.000000,89.440002,89.440002,58400
CIGI.TO,2018-04-02,89.570000,89.570000,87.010002,87.919998,87.919998,73800
CJ.TO,2018-03-28,4.390000,4.390000,4.280000,4.280000,4.280000,1026300
CJ.TO,2018-03-29,4.310000,4.350000,4.280000,4.350000,4.350000,223100
CJ.TO,2018-04-02,4.330000,4.350000,4.210000,4.250000,4.250000,638200
CJT.TO,2018-03-28,67.820000,68.089996,66.849998,68.029999,68.029999,23900
CJT.TO,2018-03-29,68.500000,69.489998,67.080002,68.209999,68.209999,32200
CJT.TO,2018-04-02,68.209999,68.580002,67.809998,68.209999,68.209999,10600
CKI.TO,2018-03-28,10.960000,10.960000,10.960000,10.960000,10.960000,0
CKI.TO,2018-03-29,10.960000,10.960000,10.960000,10.960000,10.960000,0
CKI.TO,2018-04-02,10.960000,10.960000,10.960000,10.960000,10.960000,0
CLQ.TO,2018-03-28,1.200000,1.200000,1.180000,1.190000,1.190000,51000
CLQ.TO,2018-03-29,1.200000,1.220000,1.160000,1.180000,1.180000,99600
CLQ.TO,2018-04-02,1.160000,1.240000,1.150000,1.170000,1.170000,29600
CLS.TO,2018-03-28,13.360000,13.490000,13.270000,13.290000,13.290000,303500
CLS.TO,2018-03-29,13.290000,13.390000,13.200000,13.330000,13.330000,178200
CLS.TO,2018-04-02,13.280000,13.300000,12.990000,13.030000,13.030000,183300
CM.TO,2018-03-28,112.820000,113.860001,112.190002,112.910004,112.910004,1113200
CM.TO,2018-03-29,113.260002,113.860001,112.860001,113.720001,113.720001,1127500
CM.TO,2018-04-02,113.699997,113.730003,112.080002,112.779999,112.779999,868100
CMG.TO,2018-03-28,9.170000,9.260000,9.100000,9.150000,9.150000,32600
CMG.TO,2018-03-29,9.160000,9.290000,9.150000,9.290000,9.290000,39400
CMG.TO,2018-04-02,9.020000,9.320000,9.020000,9.160000,9.160000,37300
CMH.TO,2018-03-28,4.350000,4.500000,4.350000,4.500000,4.500000,34700
CMH.TO,2018-03-29,4.410000,4.410000,4.400000,4.400000,4.400000,4700
CMH.TO,2018-04-02,4.400000,4.480000,4.280000,4.480000,4.480000,10200
CMMC.TO,2018-03-28,1.200000,1.210000,1.170000,1.180000,1.180000,304000
CMMC.TO,2018-03-29,1.200000,1.220000,1.170000,1.190000,1.190000,122100
CMMC.TO,2018-04-02,1.190000,1.200000,1.170000,1.190000,1.190000,120900
COG.TO,2018-03-28,0.800000,0.800000,0.800000,0.800000,0.800000,500
COG.TO,2018-03-29,0.800000,0.800000,0.800000,0.800000,0.800000,0
COG.TO,2018-04-02,0.900000,0.900000,0.900000,0.900000,0.900000,5500
COM.TO,2018-03-28,2.830000,3.050000,2.830000,2.940000,2.940000,40900
COM.TO,2018-03-29,3.040000,3.070000,2.970000,3.010000,3.010000,31200
COM.TO,2018-04-02,3.100000,3.150000,2.700000,2.830000,2.830000,42700
COP.TO,2018-03-28,0.100000,0.100000,0.100000,0.100000,0.100000,14000
COP.TO,2018-03-29,0.100000,0.100000,0.100000,0.100000,0.100000,143300
COP.TO,2018-04-02,0.100000,0.100000,0.100000,0.100000,0.100000,3000
CP.TO,2018-03-28,224.630005,226.369995,222.649994,225.070007,225.070007,347700
CP.TO,2018-03-29,226.139999,228.100006,225.570007,227.199997,227.199997,369000
CP.TO,2018-04-02,226.779999,227.169998,223.580002,224.610001,224.610001,251700
CPG.TO,2018-03-28,8.970000,9.050000,8.430000,8.550000,8.550000,7881400
CPG.TO,2018-03-29,8.580000,8.800000,8.540000,8.760000,8.760000,4234400
CPG.TO,2018-04-02,8.700000,8.790000,8.450000,8.560000,8.560000,2863700
CPH.TO,2018-03-28,4.030000,4.070000,3.920000,4.030000,4.030000,14300
CPH.TO,2018-03-29,4.110000,4.200000,3.710000,4.200000,4.200000,40800
CPH.TO,2018-04-02,4.150000,4.150000,4.040000,4.140000,4.140000,3100
CPI.TO,2018-03-28,0.610000,0.610000,0.610000,0.610000,0.610000,7500
CPI.TO,2018-03-29,0.610000,0.610000,0.570000,0.580000,0.580000,104100
CPI.TO,2018-04-02,0.630000,0.630000,0.580000,0.580000,0.580000,85600
CPX.TO,2018-03-28,24.389999,24.450001,24.070000,24.370001,24.370001,259600
CPX.TO,2018-03-29,24.350000,24.459999,24.180000,24.240000,24.240000,174300
CPX.TO,2018-04-02,24.270000,24.459999,24.059999,24.129999,24.129999,162200
CS.TO,2018-03-28,1.180000,1.190000,1.160000,1.170000,1.170000,265700
CS.TO,2018-03-29,1.190000,1.200000,1.170000,1.200000,1.200000,154500
CS.TO,2018-04-02,1.200000,1.250000,1.200000,1.200000,1.200000,226600
CSM.TO,2018-03-28,0.070000,0.070000,0.070000,0.070000,0.070000,0
CSM.TO,2018-03-29,0.070000,0.070000,0.070000,0.070000,0.070000,0
CSM.TO,2018-04-02,0.070000,0.070000,0.070000,0.070000,0.070000,24000
CTX.TO,2018-03-28,0.450000,0.450000,0.420000,0.450000,0.450000,12024
CTX.TO,2018-03-29,0.450000,0.450000,0.450000,0.450000,0.450000,0
CTX.TO,2018-04-02,0.450000,0.490000,0.450000,0.490000,0.490000,25523
CVG.TO,2018-03-28,44.110001,44.110001,44.110001,44.110001,44.110001,0
CVG.TO,2018-03-29,44.110001,44.110001,44.110001,44.110001,44.110001,0
CVG.TO,2018-04-02,44.099998,44.099998,44.099998,44.099998,44.099998,100
CWI.TO,2018-03-28,1.900000,1.900000,1.900000,1.900000,1.900000,0
CWI.TO,2018-03-29,1.900000,1.900000,1.900000,1.900000,1.900000,0
CWI.TO,2018-04-02,1.900000,1.900000,1.900000,1.900000,1.900000,18200
CWL.TO,2018-03-28,1.050000,1.050000,1.040000,1.040000,1.040000,4100
CWL.TO,2018-03-29,1.040000,1.040000,1.040000,1.040000,1.040000,0
CWL.TO,2018-04-02,1.030000,1.030000,1.030000,1.030000,1.030000,900
CWX.TO,2018-03-28,6.550000,6.550000,6.370000,6.420000,6.420000,360600
CWX.TO,2018-03-29,6.420000,6.500000,6.310000,6.350000,6.350000,267100
CWX.TO,2018-04-02,6.350000,6.390000,6.250000,6.290000,6.290000,395100
CXI.TO,2018-03-28,27.510000,27.510000,27.510000,27.510000,27.510000,1100
CXI.TO,2018-03-29,27.500000,27.600000,27.500000,27.600000,27.600000,2400
CXI.TO,2018-04-02,27.670000,27.670000,27.500000,27.500000,27.500000,4300
DBO.TO,2018-03-28,0.250000,0.250000,0.230000,0.240000,0.240000,148700
DBO.TO,2018-03-29,0.240000,0.240000,0.240000,0.240000,0.240000,12300
DBO.TO,2018-04-02,0.240000,0.240000,0.230000,0.240000,0.240000,70000
DC-A.TO,2018-03-28,2.070000,2.070000,1.960000,1.980000,1.980000,68351
DC-A.TO,2018-03-29,2.000000,2.000000,1.800000,1.850000,1.850000,127206
DC-A.TO,2018-04-02,1.850000,1.890000,1.770000,1.840000,1.840000,85998
DCM.TO,2018-03-28,1.490000,1.500000,1.480000,1.480000,1.480000,18100
DCM.TO,2018-03-29,1.500000,1.510000,1.470000,1.510000,1.510000,19200
DCM.TO,2018-04-02,1.500000,1.510000,1.480000,1.510000,1.510000,7900
DGC.TO,2018-03-28,13.270000,13.290000,12.870000,12.960000,12.960000,889700
DGC.TO,2018-03-29,12.890000,13.110000,12.860000,13.040000,13.040000,496600
DGC.TO,2018-04-02,13.190000,13.720000,13.150000,13.550000,13.550000,881000
DGS.TO,2018-03-28,7.400000,7.430000,7.210000,7.220000,7.220000,131400
DGS.TO,2018-03-29,7.300000,7.330000,7.230000,7.290000,7.290000,123900
DGS.TO,2018-04-02,7.340000,7.380000,7.060000,7.150000,7.150000,247900
DHX-A.TO,2018-03-28,3.790000,3.840000,3.760000,3.810000,3.810000,7300
DHX-A.TO,2018-03-29,3.770000,3.800000,3.760000,3.790000,3.790000,1800
DHX-A.TO,2018-04-02,3.810000,3.890000,3.730000,3.890000,3.890000,6200
DHX-B.TO,2018-03-28,3.850000,3.850000,3.770000,3.790000,3.790000,33200
DHX-B.TO,2018-03-29,3.770000,3.840000,3.740000,3.830000,3.830000,97800
DHX-B.TO,2018-04-02,3.830000,3.890000,3.820000,3.890000,3.890000,224100
DIAM.TO,2018-03-28,0.200000,0.200000,0.190000,0.190000,0.190000,148400
DIAM.TO,2018-03-29,0.190000,0.200000,0.190000,0.190000,0.190000,41500
DIAM.TO,2018-04-02,0.190000,0.200000,0.190000,0.200000,0.200000,407700
DII-A.TO,2018-03-28,29.490000,29.490000,29.490000,29.490000,29.490000,0
DII-A.TO,2018-03-29,29.490000,29.490000,29.490000,29.490000,29.490000,0
DII-A.TO,2018-04-02,29.490000,29.490000,28.610001,28.610001,28.610001,300
DII-B.TO,2018-03-28,29.290001,29.320000,28.850000,29.250000,29.250000,28914
DII-B.TO,2018-03-29,29.280001,29.705000,29.030001,29.150000,29.150000,29584
DII-B.TO,2018-04-02,29.150000,29.500000,28.530001,28.799999,28.799999,26832
DIV.TO,2018-03-28,3.370000,3.370000,3.290000,3.370000,3.370000,372500
DIV.TO,2018-03-29,3.380000,3.380000,3.310000,3.340000,3.340000,55500
DIV.TO,2018-04-02,3.410000,3.410000,3.250000,3.250000,3.250000,169000
DML.TO,2018-03-28,0.580000,0.580000,0.560000,0.560000,0.560000,388800
DML.TO,2018-03-29,0.550000,0.590000,0.550000,0.580000,0.580000,323500
DML.TO,2018-04-02,0.580000,0.580000,0.560000,0.560000,0.560000,143900
DOL.TO,2018-03-28,153.770004,155.889999,153.250000,155.250000,155.250000,360300
DOL.TO,2018-03-29,160.389999,164.850006,155.059998,156.580002,156.580002,788200
DOL.TO,2018-04-02,157.500000,159.059998,155.399994,158.009995,158.009995,231700
DOO.TO,2018-03-28,48.259998,48.529999,47.270000,48.209999,48.209999,210400
DOO.TO,2018-03-29,48.360001,49.639999,48.360001,49.480000,49.480000,129500
DOO.TO,2018-04-02,49.480000,49.810001,48.849998,49.660000,49.660000,168600
DPM.TO,2018-03-28,3.240000,3.240000,3.120000,3.140000,3.140000,108100
DPM.TO,2018-03-29,3.140000,3.150000,3.080000,3.080000,3.080000,89300
DPM.TO,2018-04-02,3.100000,3.220000,3.100000,3.200000,3.200000,157400
DQI.TO,2018-03-28,23.450001,23.459999,23.450001,23.459999,23.459999,300
DQI.TO,2018-03-29,23.459999,23.459999,23.459999,23.459999,23.459999,0
DQI.TO,2018-04-02,23.459999,23.459999,23.459999,23.459999,23.459999,0
DS.TO,2018-03-28,8.580000,8.590000,8.470000,8.470000,8.470000,6500
DS.TO,2018-03-29,8.470000,8.470000,8.460000,8.460000,8.460000,2000
DS.TO,2018-04-02,8.560000,8.560000,8.410000,8.440000,8.440000,4800
DSG.TO,2018-03-28,36.000000,36.380001,35.599998,35.939999,35.939999,217500
DSG.TO,2018-03-29,36.000000,37.189999,35.830002,36.820000,36.820000,187700
DSG.TO,2018-04-02,36.720001,36.779999,36.130001,36.369999,36.369999,148600
DW.TO,2018-03-28,0.120000,0.120000,0.120000,0.120000,0.120000,0
DW.TO,2018-03-29,0.115000,0.120000,0.100000,0.120000,0.120000,20500
DW.TO,2018-04-02,0.120000,0.125000,0.120000,0.125000,0.125000,2000
DXI.TO,2018-03-28,0.080000,0.090000,0.070000,0.090000,0.090000,240200
DXI.TO,2018-03-29,0.080000,0.080000,0.080000,0.080000,0.080000,156500
DXI.TO,2018-04-02,0.080000,0.080000,0.080000,0.080000,0.080000,119900
E.TO,2018-03-28,0.470000,0.470000,0.430000,0.450000,0.450000,36400
E.TO,2018-03-29,0.450000,0.450000,0.450000,0.450000,0.450000,5000
E.TO,2018-04-02,0.450000,0.450000,0.450000,0.450000,0.450000,7800
ECA.TO,2018-03-28,14.380000,14.770000,13.570000,13.580000,13.580000,5878800
ECA.TO,2018-03-29,13.710000,14.200000,13.660000,14.170000,14.170000,5419200
ECA.TO,2018-04-02,14.020000,14.110000,13.390000,13.580000,13.580000,3547800
ECI.TO,2018-03-28,17.370001,17.670000,17.370001,17.559999,17.559999,179600
ECI.TO,2018-03-29,17.650000,17.790001,17.629999,17.639999,17.639999,144200
ECI.TO,2018-04-02,17.660000,17.740000,17.379999,17.520000,17.520000,174100
ECO.TO,2018-03-28,1.600000,1.890000,1.600000,1.890000,1.890000,101400
ECO.TO,2018-03-29,1.920000,1.930000,1.800000,1.930000,1.930000,8900
ECO.TO,2018-04-02,1.930000,1.930000,1.930000,1.930000,1.930000,0
ECS.TO,2018-03-28,1.630000,1.630000,1.380000,1.400000,1.400000,1638000
ECS.TO,2018-03-29,1.420000,1.520000,1.420000,1.470000,1.470000,702900
ECS.TO,2018-04-02,1.470000,1.480000,1.410000,1.420000,1.420000,429900
EGL.TO,2018-03-28,0.380000,0.380000,0.350000,0.370000,0.370000,76000
EGL.TO,2018-03-29,0.350000,0.360000,0.340000,0.350000,0.350000,140700
EGL.TO,2018-04-02,0.350000,0.350000,0.340000,0.340000,0.340000,25400
EMA.TO,2018-03-28,40.750000,41.070000,40.540001,40.910000,40.910000,572100
EMA.TO,2018-03-29,40.930000,41.020000,40.599998,40.759998,40.759998,491300
EMA.TO,2018-04-02,40.790001,41.480000,40.790001,41.290001,41.290001,493500
EMP-A.TO,2018-03-28,25.410000,25.770000,25.309999,25.680000,25.680000,613652
EMP-A.TO,2018-03-29,25.750000,26.150000,25.740000,25.860001,25.860001,437766
EMP-A.TO,2018-04-02,25.860001,25.870001,25.150000,25.290001,25.290001,289551
EOX.TO,2018-03-28,0.240000,0.240000,0.240000,0.240000,0.240000,0
EOX.TO,2018-03-29,0.240000,0.240000,0.240000,0.240000,0.240000,16100
EOX.TO,2018-04-02,0.240000,0.240000,0.240000,0.240000,0.240000,0
EPS.TO,2018-03-28,2.540000,2.540000,2.480000,2.500000,2.500000,12900
EPS.TO,2018-03-29,2.510000,2.510000,2.500000,2.500000,2.500000,1700
EPS.TO,2018-04-02,2.470000,2.470000,2.430000,2.430000,2.430000,3900
EQB.TO,2018-03-28,53.919998,53.919998,52.009998,52.290001,52.290001,37100
EQB.TO,2018-03-29,53.080002,55.080002,52.529999,53.680000,53.680000,68700
EQB.TO,2018-04-02,54.080002,54.680000,52.750000,53.360001,53.360001,26000
ESI.TO,2018-03-28,5.750000,5.750000,5.670000,5.720000,5.720000,590400
ESI.TO,2018-03-29,5.740000,6.050000,5.690000,6.040000,6.040000,1428900
ESI.TO,2018-04-02,6.010000,6.010000,5.670000,5.700000,5.700000,144000
ESM.TO,2018-03-28,1.680000,1.680000,1.610000,1.630000,1.630000,51800
ESM.TO,2018-03-29,1.630000,1.650000,1.600000,1.650000,1.650000,13900
ESM.TO,2018-04-02,1.680000,1.680000,1.600000,1.630000,1.630000,15900
ESP.TO,2018-03-28,1.900000,1.950000,1.900000,1.950000,1.950000,39300
ESP.TO,2018-03-29,1.950000,1.950000,1.870000,1.880000,1.880000,103700
ESP.TO,2018-04-02,1.900000,1.900000,1.880000,1.880000,1.880000,14500
ET.TO,2018-03-28,16.719999,16.959999,16.600000,16.840000,16.840000,18900
ET.TO,2018-03-29,16.910000,17.270000,16.910000,17.260000,17.260000,10900
ET.TO,2018-04-02,17.459999,17.459999,16.650000,16.820000,16.820000,14000
ETG.TO,2018-03-28,0.490000,0.500000,0.480000,0.490000,0.490000,40700
ETG.TO,2018-03-29,0.490000,0.510000,0.480000,0.510000,0.510000,63000
ETG.TO,2018-04-02,0.500000,0.500000,0.470000,0.470000,0.470000,40900
ETX.TO,2018-03-28,0.240000,0.240000,0.240000,0.240000,0.240000,0
ETX.TO,2018-03-29,0.270000,0.270000,0.270000,0.270000,0.270000,29100
ETX.TO,2018-04-02,0.250000,0.250000,0.240000,0.240000,0.240000,3700
EVT.TO,2018-03-28,113.050003,113.050003,113.050003,113.050003,113.050003,0
EVT.TO,2018-03-29,113.050003,113.050003,113.050003,113.050003,113.050003,0
EVT.TO,2018-04-02,113.050003,113.050003,113.050003,113.050003,113.050003,0
FAP.TO,2018-03-28,4.520000,4.530000,4.500000,4.510000,4.510000,40200
FAP.TO,2018-03-29,4.530000,4.560000,4.510000,4.510000,4.510000,22300
FAP.TO,2018-04-02,4.530000,4.540000,4.500000,4.500000,4.500000,50000
G.TO,2018-03-28,17.650000,17.719999,17.299999,17.480000,17.411596,1984900
G.TO,2018-03-29,17.510000,17.840000,17.389999,17.790001,17.790001,2060200
G.TO,2018-04-02,18.000000,18.330000,17.830000,18.090000,18.090000,2216400
GBT.TO,2018-03-28,15.700000,15.720000,15.700000,15.720000,15.720000,700
GBT.TO,2018-03-29,15.830000,15.830000,15.450000,15.450000,15.450000,900
GBT.TO,2018-04-02,15.370000,15.570000,15.370000,15.570000,15.570000,900
GC.TO,2018-03-28,32.480000,32.650002,32.299999,32.490002,32.490002,92700
GC.TO,2018-03-29,32.480000,32.919998,32.480000,32.740002,32.740002,109800
GC.TO,2018-04-02,32.750000,32.750000,32.400002,32.590000,32.590000,263000
GCG.TO,2018-03-28,24.760000,24.760000,24.750000,24.750000,24.750000,200
GCG.TO,2018-03-29,24.750000,24.750000,24.750000,24.750000,24.750000,0
GCG.TO,2018-04-02,24.500000,24.500000,24.500000,24.500000,24.500000,200
GCL.TO,2018-03-28,0.630000,0.630000,0.620000,0.630000,0.630000,10700
GCL.TO,2018-03-29,0.630000,0.630000,0.620000,0.630000,0.630000,8500
GCL.TO,2018-04-02,0.650000,0.650000,0.630000,0.630000,0.630000,90300
GCM.TO,2018-03-28,2.450000,2.520000,2.410000,2.450000,2.450000,103200
GCM.TO,2018-03-29,2.410000,2.450000,2.350000,2.390000,2.390000,20400
GCM.TO,2018-04-02,2.460000,2.460000,2.370000,2.370000,2.370000,8200
GGA.TO,2018-03-28,0.070000,0.070000,0.070000,0.070000,0.070000,31000
GGA.TO,2018-03-29,0.070000,0.080000,0.070000,0.080000,0.080000,23500
GGA.TO,2018-04-02,0.070000,0.080000,0.070000,0.080000,0.080000,121000
GH.TO,2018-03-28,10.500000,10.550000,10.500000,10.500000,10.500000,7300
GH.TO,2018-03-29,10.520000,10.550000,10.500000,10.550000,10.550000,1900
GH.TO,2018-04-02,10.500000,10.550000,10.500000,10.550000,10.550000,4700
GIB-A.TO,2018-03-28,73.459999,73.529999,72.650002,73.300003,73.300003,469319
GIB-A.TO,2018-03-29,73.449997,74.440002,72.669998,74.300003,74.300003,677015
GIB-A.TO,2018-04-02,74.300003,74.300003,73.279999,73.730003,73.730003,409519
GIL.TO,2018-03-28,36.389999,37.230000,36.320000,36.980000,36.980000,761800
GIL.TO,2018-03-29,37.040001,37.529999,37.009998,37.209999,37.209999,722500
GIL.TO,2018-04-02,37.310001,37.660000,36.619999,36.750000,36.750000,542600
GLG.TO,2018-03-28,1.050000,1.050000,1.050000,1.050000,1.050000,31000
GLG.TO,2018-03-29,1.050000,1.050000,1.050000,1.050000,1.050000,0
GLG.TO,2018-04-02,1.050000,1.050000,1.050000,1.050000,1.050000,0
GMO.TO,2018-03-28,0.480000,0.480000,0.480000,0.480000,0.480000,600
GMO.TO,2018-03-29,0.480000,0.480000,0.480000,0.480000,0.480000,0
GMO.TO,2018-04-02,0.500000,0.500000,0.500000,0.500000,0.500000,4500
GMP.TO,2018-03-28,2.850000,2.850000,2.670000,2.700000,2.700000,160000
GMP.TO,2018-03-29,2.720000,2.780000,2.700000,2.770000,2.770000,53100
GMP.TO,2018-04-02,2.800000,2.800000,2.710000,2.750000,2.750000,60300
GMX.TO,2018-03-28,0.440000,0.450000,0.430000,0.440000,0.440000,107200
GMX.TO,2018-03-29,0.450000,0.460000,0.450000,0.460000,0.460000,5500
GMX.TO,2018-04-02,0.440000,0.470000,0.440000,0.460000,0.460000,28300
GOOS.TO,2018-03-28,43.590000,43.830002,42.160000,42.439999,42.439999,291000
GOOS.TO,2018-03-29,42.509998,43.549999,42.509998,43.110001,43.110001,158400
GOOS.TO,2018-04-02,43.139999,43.410000,41.869999,42.250000,42.250000,198200
GPS.TO,2018-03-28,1.300000,1.320000,1.300000,1.320000,1.320000,29900
GPS.TO,2018-03-29,1.290000,1.290000,1.290000,1.290000,1.290000,6100
GPS.TO,2018-04-02,1.320000,1.320000,1.320000,1.320000,1.320000,12700
GQM.TO,2018-03-28,0.180000,0.180000,0.180000,0.180000,0.180000,78400
GQM.TO,2018-03-29,0.180000,0.180000,0.170000,0.180000,0.180000,66400
GQM.TO,2018-04-02,0.180000,0.180000,0.170000,0.180000,0.180000,48100
GS.TO,2018-03-28,14.550000,14.590000,14.500000,14.540000,14.540000,71400
GS.TO,2018-03-29,14.570000,14.580000,14.450000,14.580000,14.580000,109300
GS.TO,2018-04-02,14.600000,14.600000,14.350000,14.390000,14.390000,135300
GSC.TO,2018-03-28,0.790000,0.790000,0.750000,0.770000,0.770000,873900
GSC.TO,2018-03-29,0.770000,0.780000,0.750000,0.760000,0.760000,628200
GSC.TO,2018-04-02,0.760000,0.760000,0.740000,0.740000,0.740000,274700
GSV.TO,2018-03-28,2.100000,2.110000,2.070000,2.100000,2.100000,134700
GSV.TO,2018-03-29,2.110000,2.120000,2.100000,2.110000,2.110000,58700
GSV.TO,2018-04-02,2.130000,2.150000,2.100000,2.120000,2.120000,42000
GTX.TO,2018-03-28,3.510000,3.510000,3.510000,3.510000,3.510000,100
GTX.TO,2018-03-29,3.510000,3.510000,3.510000,3.510000,3.510000,0
GTX.TO,2018-04-02,3.510000,3.510000,3.510000,3.510000,3.510000,0
GVC.TO,2018-03-28,0.700000,0.700000,0.700000,0.700000,0.700000,37000
GVC.TO,2018-03-29,0.700000,0.740000,0.700000,0.700000,0.700000,12500
GVC.TO,2018-04-02,0.700000,0.700000,0.700000,0.700000,0.700000,2000
GWO.TO,2018-03-28,32.389999,32.770000,32.270000,32.570000,32.570000,433200
GWO.TO,2018-03-29,32.610001,32.950001,32.580002,32.880001,32.880001,844700
GWO.TO,2018-04-02,32.860001,32.950001,32.419998,32.889999,32.889999,473500
GXO.TO,2018-03-28,2.720000,2.720000,2.570000,2.620000,2.620000,81300
GXO.TO,2018-03-29,2.640000,2.650000,2.590000,2.650000,2.650000,65700
GXO.TO,2018-04-02,2.640000,2.680000,2.530000,2.560000,2.560000,108800
GZT.TO,2018-03-28,12.160000,12.160000,12.160000,12.160000,12.160000,0
GZT.TO,2018-03-29,12.160000,12.160000,12.160000,12.160000,12.160000,0
GZT.TO,2018-04-02,12.150000,12.150000,12.150000,12.150000,12.150000,800
H.TO,2018-03-28,20.830000,21.055000,20.690001,21.010000,21.010000,627200
H.TO,2018-03-29,20.959999,21.030001,20.719999,20.920000,20.920000,945300
H.TO,2018-04-02,20.900000,21.075001,20.750000,21.049999,21.049999,579100
HBC.TO,2018-03-28,8.390000,8.660000,8.020000,8.610000,8.597500,761200
HBC.TO,2018-03-29,8.530000,8.930000,8.530000,8.920000,8.920000,290600
HBC.TO,2018-04-02,8.610000,8.900000,8.310000,8.880000,8.880000,394600
HBM.TO,2018-03-28,9.110000,9.110000,8.600000,8.600000,8.600000,2491500
HBM.TO,2018-03-29,8.720000,9.200000,8.720000,9.120000,9.120000,2826500
HBM.TO,2018-04-02,9.400000,9.450000,8.800000,8.830000,8.830000,2497700
HBP.TO,2018-03-28,0.900000,0.900000,0.900000,0.900000,0.900000,0
HBP.TO,2018-03-29,0.920000,0.920000,0.900000,0.900000,0.900000,3700
HBP.TO,2018-04-02,0.900000,0.900000,0.900000,0.900000,0.900000,0
HCG.TO,2018-03-28,13.340000,13.490000,13.170000,13.200000,13.200000,228500
HCG.TO,2018-03-29,13.270000,13.770000,13.200000,13.560000,13.560000,382600
HCG.TO,2018-04-02,13.620000,13.620000,12.870000,12.970000,12.970000,500400
HLC.TO,2018-03-28,5.970000,5.980000,5.970000,5.970000,5.970000,4300
HLC.TO,2018-03-29,5.970000,5.990000,5.970000,5.990000,5.990000,13800
HLC.TO,2018-04-02,5.980000,6.100000,5.930000,6.100000,6.100000,29400
HWO.TO,2018-03-28,3.730000,3.810000,3.710000,3.770000,3.770000,31300
HWO.TO,2018-03-29,3.740000,3.790000,3.730000,3.750000,3.750000,36300
HWO.TO,2018-04-02,3.780000,3.790000,3.720000,3.760000,3.760000,31300
HZM.TO,2018-03-28,0.075000,0.075000,0.070000,0.070000,0.070000,68200
HZM.TO,2018-03-29,0.070000,0.070000,0.070000,0.070000,0.070000,25000
HZM.TO,2018-04-02,0.070000,0.070000,0.070000,0.070000,0.070000,39300
IAM.TO,2018-03-28,1.500000,1.500000,1.500000,1.500000,1.500000,200
IAM.TO,2018-03-29,1.490000,1.490000,1.470000,1.470000,1.470000,1100
IAM.TO,2018-04-02,1.470000,1.470000,1.470000,1.470000,1.470000,0
IBG.TO,2018-03-28,7.200000,7.270000,7.100000,7.250000,7.250000,30600
IBG.TO,2018-03-29,7.320000,7.320000,7.130000,7.250000,7.250000,19200
IBG.TO,2018-04-02,7.200000,7.290000,7.190000,7.280000,7.280000,23300
III.TO,2018-03-28,2.100000,2.120000,2.050000,2.120000,2.120000,20500
III.TO,2018-03-29,2.150000,2.210000,2.110000,2.140000,2.140000,45900
III.TO,2018-04-02,2.490000,2.490000,2.080000,2.080000,2.080000,15700
IMG.TO,2018-03-28,6.780000,6.840000,6.630000,6.660000,6.660000,897100
IMG.TO,2018-03-29,6.680000,6.740000,6.650000,6.680000,6.680000,895500
IMG.TO,2018-04-02,6.750000,6.840000,6.710000,6.780000,6.780000,876400
IMO.TO,2018-03-28,33.919998,34.119999,33.680000,33.830002,33.830002,639100
IMO.TO,2018-03-29,33.770000,34.150002,33.459999,34.119999,34.119999,1080600
IMO.TO,2018-04-02,33.880001,34.110001,33.540001,33.770000,33.770000,610000
IMP.TO,2018-03-28,0.420000,0.420000,0.420000,0.420000,0.420000,10000
IMP.TO,2018-03-29,0.410000,0.410000,0.400000,0.400000,0.400000,12500
IMP.TO,2018-04-02,0.400000,0.430000,0.400000,0.430000,0.430000,24800
IMV.TO,2018-03-28,1.900000,1.930000,1.850000,1.900000,1.900000,56800
IMV.TO,2018-03-29,1.940000,2.000000,1.930000,1.960000,1.960000,97000
IMV.TO,2018-04-02,1.970000,1.970000,1.920000,1.950000,1.950000,44400
IPCI.TO,2018-03-28,0.720000,0.720000,0.720000,0.720000,0.720000,4400
IPCI.TO,2018-03-29,0.720000,0.730000,0.720000,0.720000,0.720000,6600
IPCI.TO,2018-04-02,0.740000,0.740000,0.730000,0.740000,0.740000,8500
IPCO.TO,2018-03-28,5.420000,5.420000,5.420000,5.420000,5.420000,400
IPCO.TO,2018-03-29,5.420000,5.420000,5.420000,5.420000,5.420000,0
IPCO.TO,2018-04-02,5.420000,5.420000,5.420000,5.420000,5.420000,0
IPL.TO,2018-03-28,21.950001,22.260000,21.730000,22.070000,22.070000,697800
IPL.TO,2018-03-29,22.120001,22.379999,22.010000,22.360001,22.360001,995500
IPL.TO,2018-04-02,22.330000,22.340000,21.959999,22.139999,22.139999,603700
IPO.TO,2018-03-28,1.390000,1.400000,1.390000,1.390000,1.390000,10700
IPO.TO,2018-03-29,1.390000,1.400000,1.390000,1.400000,1.400000,14300
IPO.TO,2018-04-02,1.400000,1.400000,1.370000,1.380000,1.380000,52300
ISV.TO,2018-03-28,17.610001,17.709999,17.600000,17.610001,17.610001,2100
ISV.TO,2018-03-29,17.600000,17.600000,17.000000,17.280001,17.280001,6900
ISV.TO,2018-04-02,17.280001,17.280001,16.459999,16.500000,16.500000,24100
ITC.TO,2018-03-28,1.320000,1.380000,1.320000,1.370000,1.370000,10800
ITC.TO,2018-03-29,1.300000,1.410000,1.300000,1.410000,1.410000,10800
ITC.TO,2018-04-02,1.340000,1.340000,1.310000,1.310000,1.310000,3200
ITH.TO,2018-03-28,0.660000,0.670000,0.650000,0.660000,0.660000,8000
ITH.TO,2018-03-29,0.670000,0.670000,0.650000,0.650000,0.650000,1500
ITH.TO,2018-04-02,0.720000,0.720000,0.700000,0.710000,0.710000,16700
ITP.TO,2018-03-28,20.360001,20.620001,20.360001,20.549999,20.549999,89100
ITP.TO,2018-03-29,20.350000,20.809999,20.350000,20.709999,20.709999,120900
ITP.TO,2018-04-02,20.709999,20.740000,20.180000,20.520000,20.520000,211700
ITX.TO,2018-03-28,14.750000,14.780000,14.500000,14.650000,14.650000,56700
ITX.TO,2018-03-29,14.680000,14.850000,14.500000,14.500000,14.500000,2800
ITX.TO,2018-04-02,14.500000,14.860000,14.500000,14.790000,14.790000,700
JAG.TO,2018-03-28,0.360000,0.370000,0.330000,0.330000,0.330000,163900
JAG.TO,2018-03-29,0.350000,0.350000,0.330000,0.350000,0.350000,214500
JAG.TO,2018-04-02,0.350000,0.360000,0.340000,0.350000,0.350000,363600
K.TO,2018-03-28,5.070000,5.140000,4.970000,5.010000,5.010000,2874600
K.TO,2018-03-29,5.020000,5.110000,5.000000,5.090000,5.090000,2873300
K.TO,2018-04-02,5.130000,5.150000,5.100000,5.130000,5.130000,1681500
KAT.TO,2018-03-28,1.780000,1.790000,1.720000,1.730000,1.730000,687000
KAT.TO,2018-03-29,1.730000,1.760000,1.700000,1.760000,1.760000,514800
KAT.TO,2018-04-02,1.760000,1.760000,1.550000,1.560000,1.560000,1005700
KBL.TO,2018-03-28,36.630001,36.630001,36.500000,36.509998,36.509998,11900
KBL.TO,2018-03-29,36.520000,36.549999,36.070000,36.230000,36.230000,5800
KBL.TO,2018-04-02,35.900002,36.189999,35.779999,35.970001,35.970001,6000
KL.TO,2018-03-28,19.700001,19.790001,19.090000,19.530001,19.530001,751100
KL.TO,2018-03-29,19.580000,20.040001,19.459999,19.969999,19.969999,435900
KL.TO,2018-04-02,20.100000,20.770000,20.100000,20.200001,20.200001,722000
KLS.TO,2018-03-28,0.760000,0.760000,0.760000,0.760000,0.760000,0
KLS.TO,2018-03-29,0.730000,0.730000,0.730000,0.730000,0.730000,1500
KLS.TO,2018-04-02,0.680000,0.680000,0.670000,0.670000,0.670000,3000
KML.TO,2018-03-28,18.660000,18.709999,18.520000,18.549999,18.549999,172600
KML.TO,2018-03-29,18.570000,19.090000,18.530001,18.530001,18.530001,313100
KML.TO,2018-04-02,18.549999,18.690001,18.480000,18.510000,18.510000,145000
KPT.TO,2018-03-28,11.900000,11.930000,11.750000,11.790000,11.610000,9200
KPT.TO,2018-03-29,11.760000,11.900000,11.580000,11.680000,11.680000,13200
KPT.TO,2018-04-02,11.680000,11.680000,11.330000,11.500000,11.500000,13600
KXS.TO,2018-03-28,81.779999,82.980003,80.040001,81.760002,81.760002,66000
KXS.TO,2018-03-29,82.029999,83.459999,81.849998,82.839996,82.839996,40500
KXS.TO,2018-04-02,82.370003,82.370003,81.169998,81.190002,81.190002,28600
L.TO,2018-03-28,63.580002,64.790001,63.560001,64.500000,64.500000,412500
L.TO,2018-03-29,64.559998,65.250000,64.559998,65.089996,65.089996,348700
L.TO,2018-04-02,65.010002,65.230003,64.330002,64.449997,64.449997,262700
LAC.TO,2018-03-28,6.760000,6.760000,6.120000,6.470000,6.470000,530600
LAC.TO,2018-03-29,6.630000,7.040000,6.510000,6.980000,6.980000,417600
LAC.TO,2018-04-02,6.970000,6.990000,6.540000,6.600000,6.600000,186800
LAM.TO,2018-03-28,0.260000,0.260000,0.250000,0.250000,0.250000,173400
LAM.TO,2018-03-29,0.260000,0.260000,0.250000,0.250000,0.250000,41000
LAM.TO,2018-04-02,0.260000,0.270000,0.250000,0.250000,0.250000,191800
LAS-A.TO,2018-03-28,259.980011,259.980011,255.000000,255.000000,255.000000,1622
LAS-A.TO,2018-03-29,256.450012,261.980011,256.440002,261.980011,261.980011,1875
LAS-A.TO,2018-04-02,261.980011,261.980011,255.000000,255.000000,255.000000,2474
LB.TO,2018-03-28,47.580002,48.119999,47.549999,47.770000,47.139999,221600
LB.TO,2018-03-29,47.500000,47.529999,46.570000,47.360001,47.360001,240400
LB.TO,2018-04-02,47.419998,47.450001,46.709999,47.000000,47.000000,218200
LBS.TO,2018-03-28,9.710000,9.880000,9.650000,9.790000,9.790000,43600
LBS.TO,2018-03-29,9.730000,9.830000,9.710000,9.800000,9.800000,21200
LBS.TO,2018-04-02,9.890000,9.920000,9.650000,9.740000,9.740000,51900
LCS.TO,2018-03-28,6.780000,6.780000,6.460000,6.650000,6.650000,28800
LCS.TO,2018-03-29,6.570000,6.700000,6.570000,6.700000,6.700000,16300
LCS.TO,2018-04-02,6.750000,6.780000,6.150000,6.400000,6.400000,75900
LGO.TO,2018-03-28,1.290000,1.380000,1.240000,1.370000,1.370000,341000
LGO.TO,2018-03-29,1.350000,1.390000,1.300000,1.390000,1.390000,207100
LGO.TO,2018-04-02,1.380000,1.380000,1.270000,1.300000,1.300000,311200
LGQ.TO,2018-03-28,0.020000,0.020000,0.020000,0.020000,0.020000,45600
LGQ.TO,2018-03-29,0.020000,0.020000,0.020000,0.020000,0.020000,9000
LGQ.TO,2018-04-02,0.020000,0.020000,0.020000,0.020000,0.020000,266900
LGT-A.TO,2018-03-28,49.000000,49.000000,49.000000,49.000000,49.000000,0
LGT-A.TO,2018-03-29,49.000000,49.000000,49.000000,49.000000,49.000000,0
LGT-A.TO,2018-04-02,49.000000,49.000000,49.000000,49.000000,49.000000,0
LGT-B.TO,2018-03-28,49.000000,49.220001,48.990002,49.000000,49.000000,3800
LGT-B.TO,2018-03-29,48.279999,49.000000,48.250000,49.000000,49.000000,4800
LGT-B.TO,2018-04-02,49.000000,49.000000,49.000000,49.000000,49.000000,0
LMC.TO,2018-03-28,2.610000,2.610000,2.510000,2.530000,2.530000,94700
LMC.TO,2018-03-29,2.600000,2.650000,2.520000,2.610000,2.610000,119200
LMC.TO,2018-04-02,2.700000,2.700000,2.630000,2.650000,2.650000,46000
MAG.TO,2018-03-28,13.270000,13.290000,12.860000,12.900000,12.900000,437200
MAG.TO,2018-03-29,12.890000,12.920000,12.540000,12.620000,12.620000,193800
MAG.TO,2018-04-02,12.750000,13.500000,12.750000,13.270000,13.270000,270900
MAL.TO,2018-03-28,19.090000,19.240000,18.969999,19.030001,19.030001,9300
MAL.TO,2018-03-29,19.180000,19.610001,19.120001,19.540001,19.540001,8200
MAL.TO,2018-04-02,19.730000,19.730000,19.370001,19.469999,19.469999,7600
MAW.TO,2018-03-28,0.490000,0.510000,0.490000,0.510000,0.510000,30000
MAW.TO,2018-03-29,0.490000,0.510000,0.490000,0.500000,0.500000,10700
MAW.TO,2018-04-02,0.500000,0.520000,0.480000,0.500000,0.500000,65100
MAX.TO,2018-03-28,0.960000,0.960000,0.930000,0.930000,0.930000,123900
MAX.TO,2018-03-29,0.920000,0.950000,0.920000,0.950000,0.950000,96500
MAX.TO,2018-04-02,0.940000,0.960000,0.920000,0.940000,0.940000,96400
MBA.TO,2018-03-28,0.740000,0.740000,0.710000,0.710000,0.710000,42400
MBA.TO,2018-03-29,0.720000,0.750000,0.720000,0.750000,0.750000,16500
MBA.TO,2018-04-02,0.750000,0.750000,0.710000,0.710000,0.710000,110600
MBX.TO,2018-03-28,0.280000,0.290000,0.280000,0.290000,0.290000,20000
MBX.TO,2018-03-29,0.290000,0.290000,0.280000,0.280000,0.280000,47000
MBX.TO,2018-04-02,0.280000,0.280000,0.270000,0.280000,0.280000,39800
MCB.TO,2018-03-28,1.400000,1.400000,1.320000,1.320000,1.320000,11600
MCB.TO,2018-03-29,1.320000,1.320000,1.320000,1.320000,1.320000,0
MCB.TO,2018-04-02,1.390000,1.460000,1.320000,1.450000,1.450000,13300
MG.TO,2018-03-28,70.480003,71.410004,70.279999,70.290001,70.290001,1117400
MG.TO,2018-03-29,71.099998,72.769997,70.879997,72.570000,72.570000,1182100
MG.TO,2018-04-02,72.680000,72.940002,69.779999,69.980003,69.980003,1055900
MIC.TO,2018-03-28,40.650002,41.080002,40.320000,40.680000,40.680000,169800
MIC.TO,2018-03-29,40.799999,41.290001,40.700001,41.000000,41.000000,227300
MIC.TO,2018-04-02,41.029999,41.099998,40.020000,40.410000,40.410000,152800
MKP.TO,2018-03-28,17.790001,17.790001,17.559999,17.629999,17.629999,4200
MKP.TO,2018-03-29,17.590000,17.750000,17.410000,17.610001,17.610001,18000
MKP.TO,2018-04-02,17.600000,17.889999,17.500000,17.770000,17.770000,6600
MOZ.TO,2018-03-28,1.000000,1.010000,0.950000,0.950000,0.950000,219000
MOZ.TO,2018-03-29,0.970000,0.970000,0.950000,0.950000,0.950000,68600
MOZ.TO,2018-04-02,0.970000,0.970000,0.930000,0.940000,0.940000,70200
MPC.TO,2018-03-28,3.400000,3.400000,3.400000,3.400000,3.400000,0
MPC.TO,2018-03-29,3.400000,3.400000,3.400000,3.400000,3.400000,0
MPC.TO,2018-04-02,3.400000,3.400000,3.360000,3.380000,3.380000,1600
MSI.TO,2018-03-28,25.500000,25.809999,25.500000,25.760000,25.760000,117400
MSI.TO,2018-03-29,25.760000,25.910000,25.660000,25.850000,25.850000,125400
MSI.TO,2018-04-02,25.809999,25.990000,25.590000,25.700001,25.700001,118700
MSV.TO,2018-03-28,0.620000,0.620000,0.610000,0.610000,0.610000,7200
MSV.TO,2018-03-29,0.600000,0.630000,0.590000,0.630000,0.630000,13600
MSV.TO,2018-04-02,0.630000,0.680000,0.630000,0.670000,0.670000,43500
MTL.TO,2018-03-28,14.680000,14.720000,14.600000,14.680000,14.680000,137700
MTL.TO,2018-03-29,14.710000,14.910000,14.700000,14.730000,14.730000,112000
MTL.TO,2018-04-02,14.690000,14.750000,14.620000,14.730000,14.730000,117700
MX.TO,2018-03-28,76.190002,77.809998,75.040001,75.160004,75.160004,222600
MX.TO,2018-03-29,75.250000,78.930000,75.250000,78.050003,78.050003,537600
MX.TO,2018-04-02,78.190002,78.779999,77.570000,77.900002,77.900002,154900
MXG.TO,2018-03-28,2.470000,2.470000,2.470000,2.470000,2.470000,22000
MXG.TO,2018-03-29,2.470000,2.470000,2.470000,2.470000,2.470000,0
MXG.TO,2018-04-02,2.470000,2.470000,2.470000,2.470000,2.470000,0
NPK.TO,2018-03-28,0.900000,0.900000,0.800000,0.800000,0.800000,60400
NPK.TO,2018-03-29,0.810000,0.860000,0.780000,0.780000,0.780000,60300
NPK.TO,2018-04-02,0.790000,0.800000,0.760000,0.770000,0.770000,28200
OGC.TO,2018-03-28,3.590000,3.590000,3.440000,3.440000,3.440000,1378400
OGC.TO,2018-03-29,3.440000,3.510000,3.430000,3.470000,3.470000,2076700
OGC.TO,2018-04-02,3.490000,3.580000,3.480000,3.520000,3.520000,1246700
OMI.TO,2018-03-28,0.120000,0.120000,0.120000,0.120000,0.120000,0
OMI.TO,2018-03-29,0.120000,0.120000,0.120000,0.120000,0.120000,5000
OMI.TO,2018-04-02,0.120000,0.125000,0.115000,0.115000,0.115000,22000
OPS.TO,2018-03-28,0.950000,0.960000,0.930000,0.960000,0.960000,18000
OPS.TO,2018-03-29,0.950000,0.950000,0.930000,0.930000,0.930000,16600
OPS.TO,2018-04-02,0.890000,0.930000,0.890000,0.920000,0.920000,8300
OSK.TO,2018-03-28,2.530000,2.570000,2.410000,2.560000,2.560000,537400
OSK.TO,2018-03-29,2.580000,2.590000,2.510000,2.550000,2.550000,343800
OSK.TO,2018-04-02,2.560000,2.570000,2.440000,2.460000,2.460000,263800
OSP.TO,2018-03-28,5.750000,5.750000,5.530000,5.530000,5.530000,8000
OSP.TO,2018-03-29,5.550000,5.550000,5.320000,5.400000,5.400000,7100
OSP.TO,2018-04-02,5.230000,5.230000,4.850000,5.050000,5.050000,33400
OXC.TO,2018-03-28,0.200000,0.200000,0.200000,0.200000,0.200000,0
OXC.TO,2018-03-29,0.200000,0.200000,0.200000,0.200000,0.200000,4500
OXC.TO,2018-04-02,0.200000,0.200000,0.200000,0.200000,0.200000,0
P.TO,2018-03-28,0.250000,0.260000,0.250000,0.250000,0.250000,45200
P.TO,2018-03-29,0.240000,0.250000,0.240000,0.250000,0.250000,325400
P.TO,2018-04-02,0.250000,0.260000,0.250000,0.250000,0.250000,568500
PAAS.TO,2018-03-28,20.600000,20.850000,20.379999,20.500000,20.500000,264700
PAAS.TO,2018-03-29,20.530001,20.799999,20.430000,20.770000,20.770000,245100
PAAS.TO,2018-04-02,20.940001,21.280001,20.809999,20.930000,20.930000,138500
PATH.TO,2018-03-28,3.520000,3.610000,3.420000,3.610000,3.610000,2200
PATH.TO,2018-03-29,3.510000,3.760000,3.510000,3.510000,3.510000,9600
PATH.TO,2018-04-02,3.420000,3.420000,3.420000,3.420000,3.420000,300
PBH.TO,2018-03-28,114.389999,116.910004,114.080002,116.419998,116.419998,106500
PBH.TO,2018-03-29,116.500000,119.000000,116.309998,118.500000,118.500000,95200
PBH.TO,2018-04-02,118.580002,118.809998,116.529999,116.930000,116.930000,44000
PBL.TO,2018-03-28,22.660000,22.660000,21.200001,21.270000,21.270000,7400
PBL.TO,2018-03-29,21.160000,22.000000,21.150000,21.260000,21.260000,15400
PBL.TO,2018-04-02,21.980000,21.980000,21.330000,21.510000,21.510000,13300
PG.TO,2018-03-28,2.920000,2.940000,2.620000,2.730000,2.730000,992900
PG.TO,2018-03-29,2.770000,2.840000,2.760000,2.820000,2.820000,418500
PG.TO,2018-04-02,2.830000,2.850000,2.780000,2.790000,2.790000,728800
PGLC.TO,2018-03-28,2.530000,2.590000,2.520000,2.560000,2.560000,3500
PGLC.TO,2018-03-29,2.550000,2.550000,2.550000,2.550000,2.550000,1000
PGLC.TO,2018-04-02,2.550000,2.550000,2.550000,2.550000,2.550000,0
PHX.TO,2018-03-28,1.910000,1.980000,1.880000,1.980000,1.980000,16900
PHX.TO,2018-03-29,1.970000,1.990000,1.850000,1.940000,1.940000,17500
PHX.TO,2018-04-02,1.880000,1.900000,1.850000,1.900000,1.900000,16000
PIC-A.TO,2018-03-28,7.560000,7.650000,7.560000,7.650000,7.650000,3000
PIC-A.TO,2018-03-29,7.650000,7.750000,7.650000,7.750000,7.750000,11400
PIC-A.TO,2018-04-02,7.750000,7.830000,7.680000,7.690000,7.690000,24265
PJC-A.TO,2018-03-28,24.400000,24.500000,24.370001,24.469999,24.469999,41732
PJC-A.TO,2018-03-29,24.530001,24.580000,24.469999,24.559999,24.559999,103146
PJC-A.TO,2018-04-02,24.559999,24.580000,24.450001,24.500000,24.500000,105739
PL.TO,2018-03-28,14.950000,14.990000,14.550000,14.700000,14.700000,13600
PL.TO,2018-03-29,14.610000,14.800000,14.610000,14.660000,14.660000,11200
PL.TO,2018-04-02,14.600000,14.650000,14.100000,14.100000,14.100000,4400
PLC.TO,2018-03-28,26.520000,26.520000,25.530001,25.830000,25.830000,53500
PLC.TO,2018-03-29,24.750000,25.299999,24.170000,24.549999,24.549999,148600
PLC.TO,2018-04-02,24.520000,25.030001,24.520000,24.799999,24.799999,34100
PLI.TO,2018-03-28,1.240000,1.260000,1.210000,1.240000,1.240000,827000
PLI.TO,2018-03-29,1.000000,1.000000,0.860000,0.880000,0.880000,13320800
PLI.TO,2018-04-02,0.760000,0.850000,0.710000,0.740000,0.740000,7426200
PMT.TO,2018-03-28,0.660000,0.680000,0.650000,0.680000,0.680000,10400
PMT.TO,2018-03-29,0.640000,0.800000,0.630000,0.800000,0.800000,42300
PMT.TO,2018-04-02,0.800000,0.800000,0.750000,0.750000,0.750000,6300
PMTS.TO,2018-03-28,3.880000,3.950000,3.880000,3.950000,3.950000,200
PMTS.TO,2018-03-29,3.950000,3.950000,3.950000,3.950000,3.950000,0
PMTS.TO,2018-04-02,3.950000,3.950000,3.950000,3.950000,3.950000,0
POM.TO,2018-03-28,1.250000,1.260000,1.140000,1.150000,1.150000,21800
POM.TO,2018-03-29,1.110000,1.140000,1.030000,1.120000,1.120000,121100
POM.TO,2018-04-02,1.100000,1.140000,1.070000,1.100000,1.100000,20700
POW.TO,2018-03-28,28.700001,29.360001,28.559999,29.180000,29.180000,766400
POW.TO,2018-03-29,29.209999,29.480000,29.020000,29.400000,29.400000,1111000
POW.TO,2018-04-02,29.350000,29.360001,28.889999,29.180000,29.180000,712000
PPL.TO,2018-03-28,39.680000,40.160000,39.509998,39.520000,39.520000,1098400
PPL.TO,2018-03-29,39.720001,40.279999,39.540001,40.200001,40.200001,1606000
PPL.TO,2018-04-02,40.060001,40.099998,39.080002,39.220001,39.220001,929500
PSI.TO,2018-03-28,17.450001,17.450001,16.990000,17.049999,17.049999,100300
PSI.TO,2018-03-29,17.150000,17.360001,17.120001,17.250000,17.250000,143200
PSI.TO,2018-04-02,17.200001,17.280001,16.610001,16.969999,16.969999,159000
PSK.TO,2018-03-28,27.780001,28.100000,27.430000,27.670000,27.670000,303200
PSK.TO,2018-03-29,27.719999,28.260000,27.629999,28.170000,28.170000,499900
PSK.TO,2018-04-02,28.040001,28.170000,27.790001,27.940001,27.940001,308000
PSLV.TO,2018-03-28,7.800000,7.800000,7.670000,7.790000,7.790000,1200
PSLV.TO,2018-03-29,7.800000,7.970000,7.790000,7.790000,7.790000,1700
PSLV.TO,2018-04-02,7.750000,7.800000,7.750000,7.800000,7.800000,1500
PTG.TO,2018-03-28,2.130000,2.130000,1.970000,2.040000,2.040000,164500
PTG.TO,2018-03-29,2.040000,2.190000,2.000000,2.190000,2.190000,33800
PTG.TO,2018-04-02,2.150000,2.180000,2.050000,2.070000,2.070000,53300
PTM.TO,2018-03-28,0.410000,0.410000,0.390000,0.390000,0.390000,79300
PTM.TO,2018-03-29,0.390000,0.390000,0.380000,0.380000,0.380000,39700
PTM.TO,2018-04-02,0.370000,0.370000,0.360000,0.360000,0.360000,52100
PTS.TO,2018-03-28,12.500000,12.610000,12.500000,12.500000,12.500000,4500
PTS.TO,2018-03-29,12.740000,12.750000,12.550000,12.750000,12.750000,10400
PTS.TO,2018-04-02,12.600000,12.610000,12.050000,12.220000,12.220000,27400
PVG.TO,2018-03-28,8.680000,8.680000,8.390000,8.510000,8.510000,248400
PVG.TO,2018-03-29,8.530000,8.630000,8.460000,8.560000,8.560000,388600
PVG.TO,2018-04-02,8.650000,9.000000,8.650000,8.770000,8.770000,408300
PXT.TO,2018-03-28,18.270000,18.290001,17.820000,17.950001,17.950001,519200
PXT.TO,2018-03-29,17.920000,18.389999,17.920000,18.120001,18.120001,487000
PXT.TO,2018-04-02,18.020000,18.120001,17.520000,17.670000,17.670000,456100
PXX.TO,2018-03-28,1.090000,1.090000,1.030000,1.030000,1.030000,121700
PXX.TO,2018-03-29,1.050000,1.050000,1.030000,1.050000,1.050000,98800
PXX.TO,2018-04-02,1.060000,1.060000,1.050000,1.050000,1.050000,46300
PZA.TO,2018-03-28,14.130000,14.210000,14.000000,14.160000,14.160000,8000
PZA.TO,2018-03-29,14.190000,14.190000,14.040000,14.150000,14.150000,4100
PZA.TO,2018-04-02,14.080000,14.220000,13.980000,14.000000,14.000000,17800
R.TO,2018-03-28,0.270000,0.280000,0.265000,0.265000,0.265000,27300
R.TO,2018-03-29,0.260000,0.260000,0.260000,0.260000,0.260000,20500
R.TO,2018-04-02,0.260000,0.270000,0.260000,0.265000,0.265000,66000
RBA.TO,2018-03-28,40.150002,40.419998,39.849998,40.389999,40.389999,194800
RBA.TO,2018-03-29,40.450001,40.790001,40.360001,40.500000,40.500000,123400
RBA.TO,2018-04-02,40.480000,40.650002,40.070000,40.090000,40.090000,135600
RCH.TO,2018-03-28,29.459999,29.730000,28.830000,29.709999,29.709999,61200
RCH.TO,2018-03-29,29.730000,30.139999,29.690001,30.120001,30.120001,38500
RCH.TO,2018-04-02,30.129999,30.129999,29.650000,29.879999,29.879999,94300
RCI-A.TO,2018-03-28,56.900002,56.900002,56.900002,56.900002,56.900002,0
RCI-A.TO,2018-03-29,56.900002,56.900002,56.900002,56.900002,56.900002,0
RCI-A.TO,2018-04-02,56.900002,58.000000,56.900002,58.000000,58.000000,687
RGX.TO,2018-03-28,0.050000,0.050000,0.050000,0.050000,0.050000,287200
RGX.TO,2018-03-29,0.050000,0.050000,0.050000,0.050000,0.050000,96000
RGX.TO,2018-04-02,0.050000,0.050000,0.050000,0.050000,0.050000,378000
RMX.TO,2018-03-28,1.230000,1.250000,1.230000,1.250000,1.250000,3300
RMX.TO,2018-03-29,1.250000,1.250000,1.250000,1.250000,1.250000,5000
RMX.TO,2018-04-02,1.250000,1.250000,1.210000,1.210000,1.210000,41900
ROOT.TO,2018-03-28,10.320000,10.330000,9.940000,10.190000,10.190000,50700
ROOT.TO,2018-03-29,10.280000,10.350000,10.100000,10.250000,10.250000,69300
ROOT.TO,2018-04-02,10.090000,10.280000,10.090000,10.170000,10.170000,15500
ROXG.TO,2018-03-28,1.050000,1.080000,0.980000,1.060000,1.060000,256300
ROXG.TO,2018-03-29,1.080000,1.080000,0.980000,1.010000,1.010000,639000
ROXG.TO,2018-04-02,1.030000,1.100000,1.030000,1.040000,1.040000,249100
RSI.TO,2018-03-28,6.220000,6.220000,6.140000,6.190000,6.100000,207700
RSI.TO,2018-03-29,6.190000,6.200000,6.160000,6.200000,6.200000,167100
RSI.TO,2018-04-02,6.180000,6.190000,6.150000,6.160000,6.160000,131500
RTG.TO,2018-03-28,0.160000,0.160000,0.160000,0.160000,0.160000,0
RTG.TO,2018-03-29,0.180000,0.180000,0.180000,0.180000,0.180000,500
RTG.TO,2018-04-02,0.160000,0.160000,0.160000,0.160000,0.160000,5100
RVX.TO,2018-03-28,1.720000,1.740000,1.720000,1.720000,1.720000,18200
RVX.TO,2018-03-29,1.760000,1.770000,1.680000,1.770000,1.770000,27600
RVX.TO,2018-04-02,1.660000,1.710000,1.640000,1.710000,1.710000,20600
S.TO,2018-03-28,1.120000,1.130000,1.080000,1.110000,1.110000,909300
S.TO,2018-03-29,1.120000,1.170000,1.090000,1.130000,1.130000,1337900
S.TO,2018-04-02,1.150000,1.150000,1.080000,1.100000,1.100000,686600
SAM.TO,2018-03-28,0.230000,0.230000,0.220000,0.230000,0.230000,23800
SAM.TO,2018-03-29,0.230000,0.230000,0.230000,0.230000,0.230000,5000
SAM.TO,2018-04-02,0.230000,0.230000,0.230000,0.230000,0.230000,3500
SAP.TO,2018-03-28,40.639999,41.119999,40.630001,41.099998,41.099998,308700
SAP.TO,2018-03-29,40.889999,41.419998,40.889999,41.349998,41.349998,418800
SAP.TO,2018-04-02,41.049999,41.500000,40.910000,40.959999,40.959999,266500
SBB.TO,2018-03-28,1.600000,1.600000,1.480000,1.540000,1.540000,326700
SBB.TO,2018-03-29,1.550000,1.590000,1.500000,1.580000,1.580000,130900
SBB.TO,2018-04-02,1.590000,1.650000,1.580000,1.620000,1.620000,161500
SBC.TO,2018-03-28,13.700000,13.830000,13.600000,13.790000,13.790000,16000
SBC.TO,2018-03-29,13.700000,13.740000,13.600000,13.700000,13.700000,8900
SBC.TO,2018-04-02,13.700000,13.700000,13.550000,13.570000,13.570000,6600
SBI.TO,2018-03-28,0.080000,0.080000,0.080000,0.080000,0.080000,10000
SBI.TO,2018-03-29,0.070000,0.070000,0.070000,0.070000,0.070000,122000
SBI.TO,2018-04-02,0.070000,0.070000,0.070000,0.070000,0.070000,0
SCB.TO,2018-03-28,0.790000,0.800000,0.790000,0.800000,0.800000,12800
SCB.TO,2018-03-29,0.780000,0.780000,0.750000,0.750000,0.750000,36300
SCB.TO,2018-04-02,0.780000,0.780000,0.780000,0.780000,0.780000,1100
SCL.TO,2018-03-28,24.150000,24.290001,23.770000,23.830000,23.830000,117600
SCL.TO,2018-03-29,23.930000,24.570000,23.820000,24.400000,24.400000,68700
SCL.TO,2018-04-02,24.340000,24.400000,23.770000,24.040001,24.040001,65200
SGQ.TO,2018-03-28,0.170000,0.170000,0.170000,0.170000,0.170000,0
SGQ.TO,2018-03-29,0.170000,0.170000,0.170000,0.170000,0.170000,0
SGQ.TO,2018-04-02,0.170000,0.170000,0.170000,0.170000,0.170000,0
SHOP.TO,2018-03-28,162.910004,164.740005,156.000000,157.000000,157.000000,524500
SHOP.TO,2018-03-29,156.000000,162.639999,153.039993,160.320007,160.320007,533400
SHOP.TO,2018-04-02,161.419998,164.309998,155.619995,157.660004,157.660004,295200
SIA.TO,2018-03-28,17.480000,17.799999,17.440001,17.730000,17.730000,219200
SIA.TO,2018-03-29,17.780001,17.950001,17.780001,17.830000,17.830000,154900
SIA.TO,2018-04-02,17.860001,17.860001,17.580000,17.629999,17.629999,140700
SII.TO,2018-03-28,3.060000,3.140000,3.040000,3.080000,3.080000,411000
SII.TO,2018-03-29,3.090000,3.120000,3.060000,3.110000,3.110000,320800
SII.TO,2018-04-02,3.140000,3.170000,3.120000,3.130000,3.130000,353500
SIS.TO,2018-03-28,17.129999,17.219999,16.670000,17.010000,17.010000,70900
SIS.TO,2018-03-29,17.129999,17.549999,16.910000,17.250000,17.250000,75800
SIS.TO,2018-04-02,17.090000,17.090000,16.250000,16.389999,16.389999,114200
SJ.TO,2018-03-28,45.380001,45.450001,44.950001,45.009998,45.009998,83000
SJ.TO,2018-03-29,45.099998,45.619999,45.000000,45.509998,45.509998,99700
SJ.TO,2018-04-02,45.509998,45.639999,44.950001,45.220001,45.220001,87000
SMC.TO,2018-03-28,0.395000,0.395000,0.395000,0.395000,0.395000,5500
SMC.TO,2018-03-29,0.380000,0.400000,0.380000,0.400000,0.400000,32500
SMC.TO,2018-04-02,0.420000,0.420000,0.420000,0.420000,0.420000,500
SMT.TO,2018-03-28,3.270000,3.270000,3.270000,3.270000,3.270000,0
SMT.TO,2018-03-29,3.350000,3.350000,3.290000,3.300000,3.300000,4400
SMT.TO,2018-04-02,3.400000,3.420000,3.300000,3.320000,3.320000,24700
SOLG.TO,2018-03-28,0.410000,0.410000,0.410000,0.410000,0.410000,0
SOLG.TO,2018-03-29,0.410000,0.410000,0.410000,0.410000,0.410000,7500
SOLG.TO,2018-04-02,0.410000,0.410000,0.400000,0.400000,0.400000,3500
SOX.TO,2018-03-28,7.090000,7.340000,7.090000,7.310000,7.310000,34800
SOX.TO,2018-03-29,7.320000,7.490000,7.250000,7.480000,7.480000,51100
SOX.TO,2018-04-02,7.480000,7.490000,7.050000,7.180000,7.180000,56600
SPB.TO,2018-03-28,12.400000,12.480000,12.330000,12.430000,12.430000,258700
SPB.TO,2018-03-29,12.450000,12.450000,12.340000,12.340000,12.340000,179900
SPB.TO,2018-04-02,12.370000,12.400000,12.250000,12.300000,12.300000,167800
SPPP.TO,2018-03-28,11.110000,11.110000,11.110000,11.110000,11.110000,0
SPPP.TO,2018-03-29,11.000000,11.000000,11.000000,11.000000,11.000000,100
SPPP.TO,2018-04-02,10.900000,10.900000,10.900000,10.900000,10.900000,200
SQP.TO,2018-03-28,2.000000,2.000000,2.000000,2.000000,2.000000,0
SQP.TO,2018-03-29,2.000000,2.070000,2.000000,2.070000,2.070000,2100
SQP.TO,2018-04-02,2.000000,2.110000,2.000000,2.110000,2.110000,5100
SSL.TO,2018-03-28,6.180000,6.190000,6.020000,6.100000,6.100000,216100
SSL.TO,2018-03-29,6.120000,6.230000,6.100000,6.140000,6.140000,241400
SSL.TO,2018-04-02,6.160000,6.460000,6.150000,6.340000,6.340000,358900
STB.TO,2018-03-28,9.690000,9.720000,9.660000,9.680000,9.680000,440400
STB.TO,2018-03-29,9.670000,9.700000,9.640000,9.640000,9.640000,187000
STB.TO,2018-04-02,9.640000,9.690000,9.630000,9.650000,9.650000,239300
STLC.TO,2018-03-28,23.320000,24.290001,22.030001,22.780001,22.780001,142400
STLC.TO,2018-03-29,21.680000,21.879999,21.570000,21.799999,21.799999,578500
STLC.TO,2018-04-02,21.790001,21.790001,20.709999,21.129999,21.129999,186300
SVB.TO,2018-03-28,0.230000,0.240000,0.220000,0.230000,0.230000,750300
SVB.TO,2018-03-29,0.220000,0.230000,0.220000,0.230000,0.230000,31500
SVB.TO,2018-04-02,0.230000,0.230000,0.220000,0.230000,0.230000,146300
SVM.TO,2018-03-28,3.450000,3.470000,3.300000,3.380000,3.380000,346100
SVM.TO,2018-03-29,3.410000,3.470000,3.370000,3.470000,3.470000,273300
SVM.TO,2018-04-02,3.510000,3.520000,3.410000,3.420000,3.420000,249200
SW.TO,2018-03-28,21.840000,21.990000,20.549999,20.950001,20.950001,202500
SW.TO,2018-03-29,20.990000,21.360001,20.900000,21.250000,21.250000,158300
SW.TO,2018-04-02,21.270000,21.420000,20.879999,21.150000,21.150000,149300
SXI.TO,2018-03-28,0.490000,0.490000,0.490000,0.490000,0.490000,0
SXI.TO,2018-03-29,0.500000,0.500000,0.500000,0.500000,0.500000,88500
SXI.TO,2018-04-02,0.500000,0.500000,0.500000,0.500000,0.500000,0
SXP.TO,2018-03-28,4.290000,4.290000,4.180000,4.180000,4.180000,31300
SXP.TO,2018-03-29,4.190000,4.210000,4.160000,4.200000,4.200000,38200
SXP.TO,2018-04-02,4.170000,4.180000,4.020000,4.080000,4.080000,31900
T.TO,2018-03-28,44.590000,45.060001,44.580002,44.990002,44.990002,1098600
T.TO,2018-03-29,44.980000,45.330002,44.779999,45.240002,45.240002,1157800
T.TO,2018-04-02,45.200001,45.259998,44.799999,44.860001,44.860001,576800
TA.TO,2018-03-28,6.930000,6.980000,6.880000,6.920000,6.920000,685300
TA.TO,2018-03-29,6.930000,7.020000,6.900000,6.980000,6.980000,448800
TA.TO,2018-04-02,6.960000,7.000000,6.880000,6.940000,6.940000,365800
TAO.TO,2018-03-28,0.340000,0.340000,0.330000,0.340000,0.340000,120500
TAO.TO,2018-03-29,0.330000,0.340000,0.330000,0.340000,0.340000,20000
TAO.TO,2018-04-02,0.340000,0.340000,0.330000,0.330000,0.330000,32800
TBL.TO,2018-03-28,1.420000,1.420000,1.420000,1.420000,1.420000,2000
TBL.TO,2018-03-29,1.420000,1.430000,1.420000,1.430000,1.430000,9700
TBL.TO,2018-04-02,1.390000,1.430000,1.390000,1.430000,1.430000,42000
TC.TO,2018-03-28,71.870003,72.699997,71.870003,72.059998,72.059998,1100
TC.TO,2018-03-29,72.220001,72.220001,72.220001,72.220001,72.220001,100
TC.TO,2018-04-02,72.260002,72.260002,72.260002,72.260002,72.260002,300
TCL-A.TO,2018-03-28,25.139999,25.520000,25.070000,25.410000,25.410000,286677
TCL-A.TO,2018-03-29,25.490000,25.680000,25.290001,25.450001,25.450001,75466
TCL-A.TO,2018-04-02,25.450001,29.490000,25.450001,27.920000,27.920000,538309
TCL-B.TO,2018-03-28,25.190001,25.389999,25.190001,25.389999,25.389999,400
TCL-B.TO,2018-03-29,25.459999,25.549999,25.459999,25.549999,25.549999,400
TCL-B.TO,2018-04-02,25.549999,28.000000,25.549999,27.990000,27.990000,2900
TCS.TO,2018-03-28,16.000000,16.059999,16.000000,16.000000,16.000000,1500
TCS.TO,2018-03-29,15.850000,15.850000,15.750000,15.750000,15.750000,400
TCS.TO,2018-04-02,15.930000,15.950000,15.920000,15.950000,15.950000,3600
TCW.TO,2018-03-28,3.060000,3.060000,2.890000,2.960000,2.960000,3724000
TCW.TO,2018-03-29,2.950000,3.040000,2.950000,3.000000,3.000000,1709600
TCW.TO,2018-04-02,3.000000,3.000000,2.830000,2.880000,2.880000,1796500
TGL.TO,2018-03-28,1.730000,1.740000,1.700000,1.710000,1.710000,16700
TGL.TO,2018-03-29,1.710000,1.740000,1.690000,1.730000,1.730000,16700
TGL.TO,2018-04-02,1.720000,1.730000,1.690000,1.700000,1.700000,2300
TGO.TO,2018-03-28,5.280000,5.380000,5.200000,5.200000,5.200000,15100
TGO.TO,2018-03-29,5.240000,5.490000,5.160000,5.470000,5.470000,9800
TGO.TO,2018-04-02,5.280000,5.570000,5.200000,5.550000,5.550000,1000
TGZ.TO,2018-03-28,4.150000,4.290000,4.110000,4.280000,4.280000,365700
TGZ.TO,2018-03-29,4.300000,4.490000,4.290000,4.490000,4.490000,538300
TGZ.TO,2018-04-02,4.510000,4.750000,4.430000,4.640000,4.640000,670800
TH.TO,2018-03-28,9.010000,9.180000,8.830000,8.930000,8.930000,206000
TH.TO,2018-03-29,8.970000,9.390000,8.960000,9.330000,9.330000,160600
TH.TO,2018-04-02,9.320000,9.730000,9.230000,9.720000,9.720000,293000
THO.TO,2018-03-28,6.270000,6.300000,5.870000,5.920000,5.920000,787600
THO.TO,2018-03-29,6.010000,6.090000,5.970000,6.050000,6.050000,514100
THO.TO,2018-04-02,6.110000,6.350000,6.090000,6.220000,6.220000,561800
TI.TO,2018-03-28,1.370000,1.430000,1.320000,1.430000,1.430000,11000
TI.TO,2018-03-29,1.400000,1.400000,1.380000,1.380000,1.380000,400
TI.TO,2018-04-02,1.380000,1.380000,1.380000,1.380000,1.380000,0
TIH.TO,2018-03-28,55.119999,55.689999,55.029999,55.369999,55.369999,136900
TIH.TO,2018-03-29,55.540001,56.419998,55.540001,55.930000,55.930000,146700
TIH.TO,2018-04-02,55.990002,56.119999,54.959999,54.990002,54.990002,93400
TKO.TO,2018-03-28,1.460000,1.480000,1.420000,1.460000,1.460000,186300
TKO.TO,2018-03-29,1.470000,1.540000,1.470000,1.520000,1.520000,218500
TKO.TO,2018-04-02,1.520000,1.520000,1.450000,1.460000,1.460000,60400
TLB.TO,2018-03-28,0.310000,0.350000,0.310000,0.350000,0.350000,6500
TLB.TO,2018-03-29,0.250000,0.350000,0.250000,0.330000,0.330000,35700
TLO.TO,2018-03-28,0.060000,0.060000,0.060000,0.060000,0.060000,0
TLO.TO,2018-03-29,0.060000,0.060000,0.060000,0.060000,0.060000,3000
TLO.TO,2018-04-02,0.060000,0.060000,0.050000,0.060000,0.060000,194800
TMI.TO,2018-03-28,0.200000,0.200000,0.180000,0.180000,0.180000,82700
TMI.TO,2018-03-29,0.190000,0.190000,0.180000,0.190000,0.190000,43000
TMI.TO,2018-04-02,0.200000,0.200000,0.180000,0.200000,0.200000,19100
TML.TO,2018-03-28,0.540000,0.540000,0.520000,0.540000,0.540000,44800
TML.TO,2018-03-29,0.560000,0.560000,0.530000,0.530000,0.530000,3500
TML.TO,2018-04-02,0.570000,0.570000,0.530000,0.530000,0.530000,18900
TMQ.TO,2018-03-28,1.670000,1.670000,1.620000,1.620000,1.620000,3100
TMQ.TO,2018-03-29,1.620000,1.620000,1.620000,1.620000,1.620000,2100
TMQ.TO,2018-04-02,1.600000,1.600000,1.600000,1.600000,1.600000,2300
TOG.TO,2018-03-28,6.490000,6.500000,6.230000,6.400000,6.400000,501500
TOG.TO,2018-03-29,6.420000,6.660000,6.420000,6.600000,6.600000,638500
TOG.TO,2018-04-02,6.500000,6.600000,6.340000,6.380000,6.380000,386500
TOS.TO,2018-03-28,1.070000,1.070000,0.980000,1.030000,1.030000,322400
TOS.TO,2018-03-29,1.040000,1.050000,1.000000,1.050000,1.050000,209300
TOS.TO,2018-04-02,1.080000,1.100000,1.050000,1.050000,1.050000,187700
TOT.TO,2018-03-28,13.300000,13.420000,13.200000,13.210000,13.210000,26400
TOT.TO,2018-03-29,13.340000,13.750000,12.670000,13.750000,13.750000,28500
TOT.TO,2018-04-02,13.740000,13.740000,13.170000,13.650000,13.650000,17600
TSGI.TO,2018-03-28,33.580002,34.240002,33.240002,34.080002,34.080002,541000
TSGI.TO,2018-03-29,34.049999,35.980000,34.049999,35.560001,35.560001,1203300
TSGI.TO,2018-04-02,35.400002,35.520000,34.209999,34.230000,34.230000,623400
TSL.TO,2018-03-28,2.510000,2.510000,2.450000,2.500000,2.500000,16100
TSL.TO,2018-03-29,2.470000,2.550000,2.420000,2.550000,2.550000,8100
TSL.TO,2018-04-02,2.510000,2.520000,2.500000,2.500000,2.500000,5700
TV.TO,2018-03-28,1.280000,1.280000,1.220000,1.230000,1.230000,1346400
TV.TO,2018-03-29,1.240000,1.300000,1.230000,1.300000,1.300000,1992900
TV.TO,2018-04-02,1.270000,1.310000,1.250000,1.260000,1.260000,713800
TVK.TO,2018-03-28,10.000000,10.120000,10.000000,10.050000,10.050000,4000
TVK.TO,2018-03-29,9.870000,9.880000,9.870000,9.880000,9.880000,4100
TVK.TO,2018-04-02,9.860000,10.050000,9.850000,10.050000,10.050000,1800
TWC.TO,2018-03-28,11.200000,11.200000,11.000000,11.000000,11.000000,2600
TWC.TO,2018-03-29,11.000000,11.000000,11.000000,11.000000,11.000000,100
TWC.TO,2018-04-02,10.850000,10.850000,10.850000,10.850000,10.850000,300
TWM.TO,2018-03-28,1.380000,1.390000,1.350000,1.380000,1.380000,290200
TWM.TO,2018-03-29,1.390000,1.410000,1.370000,1.390000,1.390000,372000
TWM.TO,2018-04-02,1.360000,1.380000,1.350000,1.370000,1.370000,122800
TXG.TO,2018-03-28,7.590000,7.910000,7.290000,7.890000,7.890000,868100
TXG.TO,2018-03-29,7.830000,8.230000,7.810000,7.910000,7.910000,481200
TXG.TO,2018-04-02,8.010000,8.410000,7.780000,8.270000,8.270000,206300
TXP.TO,2018-03-28,0.220000,0.230000,0.220000,0.220000,0.220000,9300
TXP.TO,2018-03-29,0.220000,0.220000,0.210000,0.220000,0.220000,41300
TXP.TO,2018-04-02,0.230000,0.230000,0.220000,0.220000,0.220000,24000
TZS.TO,2018-03-28,2.580000,2.600000,2.560000,2.600000,2.600000,12600
TZS.TO,2018-03-29,2.580000,2.580000,2.570000,2.580000,2.580000,2700
TZS.TO,2018-04-02,2.610000,2.610000,2.610000,2.610000,2.610000,3600
TZZ.TO,2018-03-28,4.010000,4.050000,4.010000,4.010000,4.010000,6400
TZZ.TO,2018-03-29,4.040000,4.050000,3.980000,3.980000,3.980000,31100
TZZ.TO,2018-04-02,3.980000,4.050000,3.980000,4.000000,4.000000,29500
USA.TO,2018-03-28,4.420000,4.420000,4.210000,4.220000,4.220000,27600
USA.TO,2018-03-29,4.380000,4.380000,4.220000,4.230000,4.230000,18200
USA.TO,2018-04-02,4.230000,4.450000,4.230000,4.370000,4.370000,28200
VB.TO,2018-03-28,7.460000,7.460000,7.210000,7.280000,7.280000,27900
VB.TO,2018-03-29,7.280000,7.280000,7.030000,7.230000,7.230000,6600
VB.TO,2018-04-02,7.100000,7.200000,6.850000,6.900000,6.900000,23600
